User,Text,Groom
kuzzoo61,hi,True
cosmic_nothingness,hi,False
kuzzoo61,whats up,True
cosmic_nothingness,not much just chatting,False
kuzzoo61,what do u do for fun,True
cosmic_nothingness,not a lot since i moved here lol,False
cosmic_nothingness,what about u,False
kuzzoo61,bored,True
kuzzoo61,wheres here,True
cosmic_nothingness,lol mi,False
kuzzoo61,not dirty old man seen your pic your preety thanks u got a pic,True
kuzzoo61,sorry no city,True
cosmic_nothingness,cool,False
kuzzoo61,so what tickles your fancy,True
cosmic_nothingness,lol dunno just kinda chatting and hanging out,False
kuzzoo61,u asl,True
kuzzoo61,didnt i just talk to you,True
cosmic_nothingness,lol ya,False
cosmic_nothingness,just now silly,False
kuzzoo61,how come diff profile,True
cosmic_nothingness,huh this is the only name i have,False
kuzzoo61,sorry my mistake,True
kuzzoo61,what u want to chat about,True
cosmic_nothingness,i dont care,False
cosmic_nothingness,im just kinda hanging out for a bit,False
kuzzoo61,u have,True
cosmic_nothingness,no not here,False
cosmic_nothingness,i used to,False
kuzzoo61,your pretty why not,True
cosmic_nothingness,i just had to move here so i dont know many people yet,False
kuzzoo61,dont like mich hill billies lol,True
cosmic_nothingness,lol i just moved here from ky,False
kuzzoo61,feel weird chatting with u,True
cosmic_nothingness,why,False
kuzzoo61,im 46 u 14,True
cosmic_nothingness,lol were just chatting,False
kuzzoo61,do u know where big bone lick camp gound is in ky,True
cosmic_nothingness,yeah,False
kuzzoo61,we went camping there it was bueatiful there,True
cosmic_nothingness,yeah ky is pretty,False
cosmic_nothingness,i miss it a lot,False
kuzzoo61,still there,True
cosmic_nothingness,huh,False
kuzzoo61,sorry,True
cosmic_nothingness,u are being quiet,False
kuzzoo61,sorry do know where that camp gound is,True
cosmic_nothingness,i said yes,False
kuzzoo61,what made u move up here,True
cosmic_nothingness,my gramma died and i had to come live with my aunt,False
kuzzoo61,wheres parents if i can ask,True
cosmic_nothingness,they died when i was a baby,False
kuzzoo61,sorry,True
cosmic_nothingness,thats okay i dont remember them,False
kuzzoo61,i have 8 kids,True
cosmic_nothingness,wow,False
kuzzoo61,7 boys 1 girl,True
cosmic_nothingness,how old,False
kuzzoo61,27 23 21 18 17 16 12 9,True
cosmic_nothingness,wow,False
kuzzoo61,17 girl is a hand ful,True
kuzzoo61,also agrandpa,True
cosmic_nothingness,i bet thats fun,False
kuzzoo61,they call me pappy,True
kuzzoo61,2 grand dauthiers,True
cosmic_nothingness,do u have fun with them,False
kuzzoo61,u have any brothers or sis,True
cosmic_nothingness,no just me,False
cosmic_nothingness,my parents died before they had more kids i guess,False
kuzzoo61,now your being quiet,True
cosmic_nothingness,lol sorry,False
cosmic_nothingness,what do u want to talk about,False
kuzzoo61,oh its always fun with kids around,True
kuzzoo61,girls first i dont care,True
cosmic_nothingness,lol well have u always lived in mi,False
kuzzoo61,did u get to ride horses in ky,True
cosmic_nothingness,yeah,False
kuzzoo61,no lived in ind maryland ark florida,True
cosmic_nothingness,cool i always wanted to live in florida,False
cosmic_nothingness,did u live by the beach,False
kuzzoo61,no but it was half hour drive,True
kuzzoo61,going back in 1year to live,True
cosmic_nothingness,cool where in florida,False
kuzzoo61,tampa,True
kuzzoo61,getting away from the snow,True
cosmic_nothingness,cool i dont think i ever been there,False
kuzzoo61,if you get to know me better you could come and visit hope not being to forward,True
kuzzoo61,ever swam in the ocean,True
cosmic_nothingness,that would be cool yeah i have and i love it,False
kuzzoo61,like the ocean do u,True
cosmic_nothingness,yeah and beaches,False
kuzzoo61,well if you want we will stay friends and hopefully you can come down,True
cosmic_nothingness,cool,False
cosmic_nothingness,theres not much better than walking barefoot on the beach omg,False
kuzzoo61,can i put you in on my friends list,True
cosmic_nothingness,sure,False
kuzzoo61,at night is the best,True
cosmic_nothingness,yes,False
cosmic_nothingness,did u ever ride a horse on the beach,False
kuzzoo61,no got bit by a crab,True
cosmic_nothingness,lol,False
kuzzoo61,rode a horse on a farm and got hurt,True
cosmic_nothingness,did the horse throw u,False
kuzzoo61,no did not ride it right think,True
cosmic_nothingness,yeah its not as easy as it looks i love to ride,False
kuzzoo61,but got back on and did better,True
cosmic_nothingness,cool,False
kuzzoo61,hey lets get a horse farm on the beach,True
cosmic_nothingness,lol do they have those,False
kuzzoo61,have to look,True
cosmic_nothingness,that would be so cool,False
kuzzoo61,im sure they do but takes lots of money,True
cosmic_nothingness,yeah i know,False
cosmic_nothingness,good horses are expensive,False
kuzzoo61,that would be bitchin sorry,True
cosmic_nothingness,why sorry,False
kuzzoo61,you can get one about 8000 00,True
kuzzoo61,no sorry 800 00,True
cosmic_nothingness,really,False
kuzzoo61,in mich,True
cosmic_nothingness,horses back home are a lot more expensive,False
kuzzoo61,cause i said bitchin,True
cosmic_nothingness,lol like i never heard words like that before,False
kuzzoo61,yeh because their race horses,True
cosmic_nothingness,yeah i guess so,False
kuzzoo61,look on web in your area forthem,True
cosmic_nothingness,not like my aunt would ever let me have one,False
kuzzoo61,i like chatting with u your kool,True
cosmic_nothingness,thanks u are too,False
kuzzoo61,horsehockey cry and throw a fit,True
cosmic_nothingness,wont work with her she really doesnt care,False
cosmic_nothingness,she got stuck with me,False
kuzzoo61,is she mean,True
cosmic_nothingness,not really just doesnt care,False
kuzzoo61,do you get to do girl things,True
cosmic_nothingness,like what,False
kuzzoo61,shopping going to movies etc,True
cosmic_nothingness,not really,False
cosmic_nothingness,i dont know anyone here yet really,False
kuzzoo61,thats not kool,True
kuzzoo61,you live in country orcity,True
cosmic_nothingness,theres people around me,False
kuzzoo61,now,True
cosmic_nothingness,lol no i mean other houses and stuff,False
kuzzoo61,sub urb like,True
cosmic_nothingness,yeah kinda,False
kuzzoo61,have a mall,True
kuzzoo61,near by,True
cosmic_nothingness,not too far but too far to walk,False
kuzzoo61,so steal aunts car lol,True
cosmic_nothingness,lol id be like grounded forever,False
kuzzoo61,so move up here with me im not a dirty old man im kool,True
kuzzoo61,just kidding,True
cosmic_nothingness,lol i think ur cool,False
kuzzoo61,you wouldnt be gounded for life just kicked out,True
cosmic_nothingness,lol thatd be better i guess,False
kuzzoo61,u dont have a bike,True
cosmic_nothingness,no,False
kuzzoo61,well ask for one for chistmas,True
cosmic_nothingness,i might have mine back by then i dunno,False
cosmic_nothingness,a lot of my stuff is still in ky and they said i cant have it til lawyers are done with some stuff,False
cosmic_nothingness,i think my aunt is just making excuses and being mean,False
kuzzoo61,wish i could send you one,True
cosmic_nothingness,me too,False
kuzzoo61,do u have a trust,True
cosmic_nothingness,whats that,False
cosmic_nothingness,i gotta go make some dinner will u be on later,False
kuzzoo61,a trust is what was left to you after your parents passed,True
cosmic_nothingness,oh i dunno,False
cosmic_nothingness,no one tells me stuff like that,False
kuzzoo61,should find out,True
kuzzoo61,someone is in controll of your money,True
cosmic_nothingness,lol well then i wish they would let me have some,False
kuzzoo61,probably when u turn 18,True
cosmic_nothingness,i hope so then i can go live on the beach if its enough,False
kuzzoo61,how did parents die,True
kuzzoo61,not trying to be noisey,True
cosmic_nothingness,car wreck,False
kuzzoo61,someone elses falt,True
cosmic_nothingness,yeah a drunk driver,False
kuzzoo61,theres got to be a trust,True
kuzzoo61,ask,True
kuzzoo61,you have rights,True
cosmic_nothingness,i dunno if there is and i doubt aunt lush would tell me anyway she prolly wants it,False
kuzzoo61,then call alawyer and ask questions,True
cosmic_nothingness,lol like they would talk to me,False
kuzzoo61,yes,True
cosmic_nothingness,i might,False
kuzzoo61,you have rights too,True
cosmic_nothingness,but right now im going to make some mac and cheese before i starve lol,False
cosmic_nothingness,ill be back online later prolly,False
kuzzoo61,ok just buzz me when your done,True
kuzzoo61,k,True
cosmic_nothingness,k see you later,False
kuzzoo61,bye,True
kuzzoo61,my name is paul,True
cosmic_nothingness,u still here paul,False
cosmic_nothingness,im shannon btw,False
kuzzoo61,hello,True
cosmic_nothingness,hey,False
kuzzoo61,im here,True
cosmic_nothingness,cool,False
cosmic_nothingness,you told me to tell you when i got back lol,False
kuzzoo61,k,True
kuzzoo61,had to check on a job,True
cosmic_nothingness,u looking for a job,False
kuzzoo61,no ihavecostomers,True
cosmic_nothingness,oh what kinda job u got,False
kuzzoo61,people i do work for,True
cosmic_nothingness,cool so u dont have a boss,False
kuzzoo61,work for elderly and clean up properties,True
kuzzoo61,no boss,True
cosmic_nothingness,thats cool no one to tell u what to do,False
kuzzoo61,20yrs,True
kuzzoo61,so how was mac n cheese,True
cosmic_nothingness,it was okay better than being hungry,False
kuzzoo61,aunt dont cook for u,True
cosmic_nothingness,shes at work,False
kuzzoo61,does you you like u chatting,True
cosmic_nothingness,she doesnt care much what i do as long as i dont bug her much,False
kuzzoo61,so dont bug her bother lol,True
cosmic_nothingness,i just leave her alone as much as i can,False
kuzzoo61,about that trust that is what the lawyer stuff is she told you about grandma probably had it,True
cosmic_nothingness,probably,False
kuzzoo61,and you are entitled to know about it,True
cosmic_nothingness,knowing wont do a lot of good if i cant do anything til im 18,False
kuzzoo61,your a teenager,True
kuzzoo61,not all trusts are the same,True
kuzzoo61,thats what u have too find out if your getting screwed,True
cosmic_nothingness,maybe ill ask her when shes in a good mood,False
kuzzoo61,a lawyer can find that out for you,True
kuzzoo61,u have all info,True
kuzzoo61,they dont charge the first time u talk or call them,True
cosmic_nothingness,cool,False
kuzzoo61,have to run to the store will be back k,True
cosmic_nothingness,ok,False
kuzzoo61,hello,True
kuzzoo61,sorry i missed you paul,True
kuzzoo61,word of advice when life sucks kick it right back k,True
kuzzoo61,hello its paul miss you shannon,True
kuzzoo61,paul here just wanted tosee if u were around,True
cosmic_nothingness,hey,False
kuzzoo61,well hello,True
cosmic_nothingness,hi,False
cosmic_nothingness,sorry i havent been on,False
cosmic_nothingness,i kinda got in a little trouble but im back now,False
kuzzoo61,been hiding,True
kuzzoo61,oh no,True
cosmic_nothingness,i got the power cord taken away lol,False
kuzzoo61,what did u do,True
cosmic_nothingness,i was on for a bit saturday but then my battery died,False
cosmic_nothingness,i slipped and called my aunt aunt lush instead of aunt lucy and she wasnt very amused lol,False
cosmic_nothingness,oopsie,False
kuzzoo61,oopsie lol,True
cosmic_nothingness,sometimes my mouth gets me in trouble,False
kuzzoo61,did u get my messages,True
cosmic_nothingness,yeah,False
cosmic_nothingness,i got some offlines,False
kuzzoo61,i was lost,True
kuzzoo61,lol,True
cosmic_nothingness,lost,False
kuzzoo61,just kidding,True
cosmic_nothingness,oh lol,False
cosmic_nothingness,im sorry i wasnt on ill try not to get in trouble for a while,False
cosmic_nothingness,she usually doesnt take it away that long but she musta really been pissed,False
kuzzoo61,went to your link hope that was ok,True
cosmic_nothingness,my myspace u mean,False
kuzzoo61,yes,True
cosmic_nothingness,thats cool,False
kuzzoo61,u sound like a angry girl,True
cosmic_nothingness,sometimes,False
cosmic_nothingness,i didnt want to move up here,False
kuzzoo61,sometimes is ok,True
cosmic_nothingness,i guess everyone gets mad sometimes,False
kuzzoo61,your just venting,True
cosmic_nothingness,yeah,False
kuzzoo61,did u ask about trust or not good,True
cosmic_nothingness,yeah my aunt said shed talk to me abuot all that stuff once the lawyers get everything figured out from when gramma died,False
kuzzoo61,see there is something,True
cosmic_nothingness,lol or shes gonna tell me i got nuthin,False
cosmic_nothingness,but i bet gramma had to at least leave me some money,False
kuzzoo61,think she would of told u without asking,True
cosmic_nothingness,she said she wanted to wait til it was all figured out so she wasnt guessing,False
kuzzoo61,thats kool,True
cosmic_nothingness,yeah i guess,False
kuzzoo61,so are u ready to get your horse ranch on the beach yet,True
cosmic_nothingness,lol sure,False
cosmic_nothingness,i want a black horse,False
kuzzoo61,not a unicorn,True
cosmic_nothingness,a black unicorn,False
kuzzoo61,lol,True
cosmic_nothingness,that would be way way cool lol,False
kuzzoo61,with wings,True
cosmic_nothingness,wouldnt that be a pegasus then,False
kuzzoo61,oh you know mythology,True
cosmic_nothingness,some yeah,False
kuzzoo61,same here,True
kuzzoo61,greek and roman had kool teach,True
kuzzoo61,im going to try to get u a pic in a day or two,True
cosmic_nothingness,cool,False
kuzzoo61,i think im a good looker for my age lol,True
cosmic_nothingness,lol its not like youre 79,False
kuzzoo61,almost 47,True
cosmic_nothingness,thats not even close to way old lol,False
cosmic_nothingness,cool then u remember lots of neat stuff from back then huh,False
kuzzoo61,still can out run my kids,True
cosmic_nothingness,lol thats prolly a good thing,False
kuzzoo61,yeh,True
kuzzoo61,veitnam war,True
cosmic_nothingness,u fought in that,False
kuzzoo61,martin luther king assinaton,True
kuzzoo61,no didnt fight watched on tv when kid,True
cosmic_nothingness,ohhhh,False
kuzzoo61,mount st helens blowing its top,True
cosmic_nothingness,wheres that,False
kuzzoo61,washington state,True
kuzzoo61,look on web mount st helens,True
kuzzoo61,shuttle blowing up the first one,True
cosmic_nothingness,did it kill people,False
cosmic_nothingness,mount st helens i mean,False
kuzzoo61,yes about 60 some,True
kuzzoo61,see i am old lol,True
cosmic_nothingness,lol u are not,False
kuzzoo61,la riots,True
kuzzoo61,should go on,True
kuzzoo61,i love history,True
cosmic_nothingness,its one of my favorite classes,False
kuzzoo61,and trains,True
cosmic_nothingness,that and english,False
kuzzoo61,history math mine,True
cosmic_nothingness,i dont like math as much,False
kuzzoo61,did u know that chaos is organized,True
cosmic_nothingness,what is,False
kuzzoo61,math wise,True
kuzzoo61,u know chaos,True
cosmic_nothingness,no,False
cosmic_nothingness,im just doing the start of algebra lol,False
kuzzoo61,thing that are random,True
kuzzoo61,crazy,True
kuzzoo61,so are you doing home work now,True
cosmic_nothingness,i havent done it yet,False
cosmic_nothingness,i need to i gotta do all the odd problems in algebra which sucks,False
kuzzoo61,yep know all about that,True
kuzzoo61,should i let u go,True
cosmic_nothingness,not yet lol,False
cosmic_nothingness,do i look like i wanna do my math lol,False
kuzzoo61,yep your a book worm,True
cosmic_nothingness,nah i dont have to study much schools just kinda easy,False
kuzzoo61,thats how it was when i moved up here,True
kuzzoo61,everything i did already in other school,True
kuzzoo61,became teachers helper,True
cosmic_nothingness,yeah people say ky is hillbillies but school was harder in lexington than here,False
kuzzoo61,no your a shanbilly lol,True
kuzzoo61,u didnt live in the hills,True
kuzzoo61,did u,True
cosmic_nothingness,no i lived in lexington,False
kuzzoo61,i know where it is go by it when going to florida,True
kuzzoo61,on i 75,True
cosmic_nothingness,yeah,False
kuzzoo61,ever been to mammoth caves,True
cosmic_nothingness,yeah when i was pretty little,False
cosmic_nothingness,u ever been to red river gorge,False
kuzzoo61,i was13 and went on the 7mile undergound hike,True
kuzzoo61,they have a resturant there u remember the name,True
cosmic_nothingness,in the gorge,False
kuzzoo61,no undergound,True
cosmic_nothingness,no i dont remember that i was pretty little when we went,False
kuzzoo61,the snow ball room,True
kuzzoo61,all the rocks look like snow balls,True
cosmic_nothingness,cool,False
kuzzoo61,how long have u lived here,True
cosmic_nothingness,about a month,False
kuzzoo61,oh so u havent been to mich adventure,True
cosmic_nothingness,whats that,False
kuzzoo61,its kick ass excuse me,True
cosmic_nothingness,lol u dont have to say excuse me,False
kuzzoo61,camping water rides lots of other too,True
kuzzoo61,they have what they call the rip cord,True
cosmic_nothingness,is that like a zip line,False
kuzzoo61,go up 300 feet then you drop,True
cosmic_nothingness,cool,False
kuzzoo61,big swing,True
kuzzoo61,like camping,True
cosmic_nothingness,yeah i used to do it a lot with gs,False
cosmic_nothingness,we had a zip line at camp,False
kuzzoo61,we go every year,True
cosmic_nothingness,u have a camper or a tent,False
kuzzoo61,we ruff it tents,True
cosmic_nothingness,our gs camp has tents on platforms not cabins,False
cosmic_nothingness,its way cool,False
cosmic_nothingness,they have a few cabins but they usually go to the really little girls,False
kuzzoo61,wish u could live with us,True
cosmic_nothingness,that would be cool u seem really nice,False
cosmic_nothingness,u got a wife too,False
kuzzoo61,yes a little rocky,True
cosmic_nothingness,oh is she not nice,False
kuzzoo61,only when she wants something u know the kind,True
cosmic_nothingness,that sucks,False
kuzzoo61,oh well what can i do,True
kuzzoo61,play the cards that are delt to me,True
cosmic_nothingness,yeah i guess just that mean people suck,False
kuzzoo61,i put that on my dads truck once it was great,True
cosmic_nothingness,lol did he like it,False
kuzzoo61,yeh just loved it lol,True
cosmic_nothingness,my gramma woulda laughed but my aunt would kill me,False
cosmic_nothingness,brb i need to get a coke,False
cosmic_nothingness,back,False
kuzzoo61,sorry had to start laundry,True
cosmic_nothingness,i hate doing laundry,False
kuzzoo61,see when not working im a kitchen bitch,True
kuzzoo61,lol,True
cosmic_nothingness,u know how to cook and stuff,False
kuzzoo61,oh yes,True
kuzzoo61,love cooking,True
cosmic_nothingness,i can make mac n cheese,False
cosmic_nothingness,and nuke lean cuisines lol,False
kuzzoo61,iclean house,True
cosmic_nothingness,wow u do all that stuff,False
cosmic_nothingness,ur wife should do some of it lol,False
kuzzoo61,its great the kids love my cooking i dont spice it up,True
kuzzoo61,ya when she feels like it,True
kuzzoo61,shes kind of a controll freak and i let her think so,True
kuzzoo61,it keeps the peace,True
cosmic_nothingness,does she have a job too,False
kuzzoo61,ya nurse,True
cosmic_nothingness,i bet thats a hard job,False
kuzzoo61,help others but not family,True
kuzzoo61,kool uh,True
cosmic_nothingness,no thats kinda mean actually,False
kuzzoo61,its for the kids,True
kuzzoo61,its not that bad,True
cosmic_nothingness,thats good,False
kuzzoo61,everybody has good and bad about them im not prefect either,True
cosmic_nothingness,i know im not or id not get in trouble lol,False
kuzzoo61,u no,True
kuzzoo61,your agood girl,True
cosmic_nothingness,lol sometimes,False
kuzzoo61,whats the biggest town to u,True
cosmic_nothingness,um well u know where holland is,False
kuzzoo61,yep off 196,True
cosmic_nothingness,im not too far from there,False
kuzzoo61,wish u were older,True
cosmic_nothingness,lol why,False
kuzzoo61,and i was younger,True
cosmic_nothingness,i wish i was older too then id not have to live with my aunt,False
cosmic_nothingness,and i could drive and stuff,False
kuzzoo61,so we could hang out,True
cosmic_nothingness,lol im 14 not 4 u know,False
kuzzoo61,i know,True
kuzzoo61,sometimes i think imissed out on alot of fun things,True
cosmic_nothingness,how come,False
kuzzoo61,had to work at dads shop when i was younger,True
cosmic_nothingness,did u get paid,False
kuzzoo61,hell no sorry,True
cosmic_nothingness,now that really sucks,False
cosmic_nothingness,what kinda shop was it,False
kuzzoo61,car body shop,True
cosmic_nothingness,oh wow so u can fix a car if u wreck it,False
kuzzoo61,had to grow up fast,True
kuzzoo61,yes,True
kuzzoo61,fix my kids cars all the time,True
cosmic_nothingness,thats really cool do u like doing it,False
kuzzoo61,what do u mean if iwreck it,True
cosmic_nothingness,lol u never wrecked a car,False
kuzzoo61,im a safe driver,True
kuzzoo61,nope,True
cosmic_nothingness,thats good,False
kuzzoo61,yes i like working on cars if i get paid,True
cosmic_nothingness,i bet it would be fun,False
kuzzoo61,it is,True
kuzzoo61,iknew a girl that worked on cars and the guys didnt like it,True
cosmic_nothingness,why not,False
cosmic_nothingness,girls can do anything guys can do,False
kuzzoo61,i thought it was coll,True
kuzzoo61,kool,True
kuzzoo61,oopsie,True
cosmic_nothingness,lol u should do my algebra for me,False
kuzzoo61,i fly too but dont have a liecense,True
cosmic_nothingness,u mean planes,False
kuzzoo61,yes its the greatest,True
cosmic_nothingness,do u have a plane,False
kuzzoo61,my brother has one and lets me fly it,True
cosmic_nothingness,wow,False
kuzzoo61,the kids love it,True
kuzzoo61,not at first,True
cosmic_nothingness,i like to fly when i go places,False
kuzzoo61,but this is a little plane not a jet,True
cosmic_nothingness,its not the same,False
cosmic_nothingness,i mean what it feels like to fly in it,False
kuzzoo61,only 4 people can go,True
kuzzoo61,we went to oskosh wis to the air show this year last month,True
cosmic_nothingness,cool that would be fun i like airshows,False
kuzzoo61,u can check that out on web too,True
cosmic_nothingness,they had one at thunder over loouisville every year and sometimes i got to go,False
kuzzoo61,see the blue angels,True
cosmic_nothingness,i dont think they were there when i went but sometimes people jump from the planes,False
kuzzoo61,with or without parachutes lol,True
cosmic_nothingness,lol with,False
cosmic_nothingness,it would be kinda messy without,False
kuzzoo61,well it looks like i have to go,True
cosmic_nothingness,awww okay,False
cosmic_nothingness,ill talk to u later,False
cosmic_nothingness,i prolly should do my math anyway,False
kuzzoo61,if u want to is it ok if i give u my cell njmber its up to u,True
cosmic_nothingness,sure can i call u on it sometime,False
kuzzoo61,yes bad signal sometimes but leave a message,True
cosmic_nothingness,okay whats ur number,False
cosmic_nothingness,i can find my calling card and call u soon,False
cosmic_nothingness,okay can i call u tonight or is it too late and u want me to wait to another day,False
kuzzoo61,the bussines number is to pauls haul mine,True
cosmic_nothingness,kk,False
kuzzoo61,try tommorrow after school have to get kid to bed,True
cosmic_nothingness,k i call u then,False
kuzzoo61,kids,True
kuzzoo61,k,True
cosmic_nothingness,talk to u later,False
kuzzoo61,have good night and do your hamework,True
cosmic_nothingness,k,False
kuzzoo61,oopsie again,True
kuzzoo61,bye hun,True
cosmic_nothingness,nite,False
cosmic_nothingness,u online,False
kuzzoo61,went down state back now sorry i missed u hope your staying out of trouble paul,True
cosmic_nothingness,hey u there,False
kuzzoo61,miss you,True
kuzzoo61,dont know where u are but i miss u need to talk to you plz call me paul i messed up,True
kuzzoo61,hi again im ok now just got a little freaked out,True
kuzzoo61,shannon where are u baby need someone to talk too badly or call me plz,True
cosmic_nothingness,u there,False
cosmic_nothingness,im going to call u are u ok ill be on later after homework too,False
cosmic_nothingness,u there u ok,False
cosmic_nothingness,u there,False
cosmic_nothingness,i called u yesterday like u wanted but u didnt answer the phone again,False
cosmic_nothingness,i always miss u online ill be online later after i do some stuff,False
kuzzoo61,hi im here,True
cosmic_nothingness,hi,False
kuzzoo61,hi,True
cosmic_nothingness,hi,False
kuzzoo61,call me now,True
cosmic_nothingness,hang on and let me see where my aunt is,False
kuzzoo61,k,True
cosmic_nothingness,shes still here and hasnt left for the grocery yet,False
cosmic_nothingness,ill call when she goes k,False
cosmic_nothingness,i guess u dont wanna chat,False
cosmic_nothingness,she went to the store now but im not going to call unless u say its ok,False
kuzzoo61,sorry things have been a little around here,True
kuzzoo61,me and wife are fighting about money,True
kuzzoo61,been out of the house because of her please under stand,True
cosmic_nothingness,u here,False
kuzzoo61,yes finally,True
cosmic_nothingness,u ok,False
kuzzoo61,went through hell the other day,True
cosmic_nothingness,what happened,False
kuzzoo61,me and step dauther got into it about staying out late,True
cosmic_nothingness,how old is she,False
kuzzoo61,17,True
kuzzoo61,miss know it all,True
kuzzoo61,police at house,True
cosmic_nothingness,omg why were the police there,False
kuzzoo61,yep told me to leave my own house,True
cosmic_nothingness,that wasnt nice,False
kuzzoo61,went to indiana for three days,True
cosmic_nothingness,did u at least have fun there,False
kuzzoo61,cousin took my to the titty bar oh wow sorry,True
cosmic_nothingness,lol u dont have to say sorry,False
cosmic_nothingness,i know what those are lol,False
kuzzoo61,could of got laid but was so pissed,True
cosmic_nothingness,i bet u were pissed,False
cosmic_nothingness,i would have been,False
kuzzoo61,wish i could of stopped by and just talked to u,True
cosmic_nothingness,me too,False
kuzzoo61,probobly wnet right by your house,True
cosmic_nothingness,maybe or at least close,False
cosmic_nothingness,u would really want to see me for real,False
kuzzoo61,why not,True
cosmic_nothingness,lol i asked u,False
kuzzoo61,well icare for u,True
cosmic_nothingness,i like u a lot too,False
kuzzoo61,seems wierd starting to have diff feelings for you,True
cosmic_nothingness,why is that weird,False
kuzzoo61,u seem older and i like being around those kind of people,True
cosmic_nothingness,i like that u dont treat me like a kid,False
kuzzoo61,well u are and arent,True
cosmic_nothingness,im not a kid im 14 not 4,False
kuzzoo61,i know that,True
kuzzoo61,if i didnt know your age i would ask u to be my gf,True
cosmic_nothingness,why does my age matter if we like each other,False
kuzzoo61,because other people think its wrong,True
cosmic_nothingness,i never listen to other people lol,False
kuzzoo61,your aunt would kill us if she read this,True
cosmic_nothingness,she doesnt get on my computer,False
cosmic_nothingness,i doubt shed know what anything is,False
kuzzoo61,omg some of me wants to hold u and my hand wants to smack my mouth,True
cosmic_nothingness,why would u smack you mouth thats dumb,False
kuzzoo61,im 46 i shouldnt have these feelings for u,True
cosmic_nothingness,its not like 46 is ancient lol,False
kuzzoo61,hey i know lets run away together lol,True
cosmic_nothingness,lol where would we go,False
kuzzoo61,u liked florida didnt u,True
cosmic_nothingness,i love beaches,False
kuzzoo61,but u see i have money but not that much,True
cosmic_nothingness,i dont care about money lol,False
cosmic_nothingness,im getting used to not having much of my own,False
kuzzoo61,do u have any more pics u can send me like the ones from myspace,True
cosmic_nothingness,no thats all i got since i got up here and i only got those because my friend sent them to me,False
kuzzoo61,im getting confused,True
cosmic_nothingness,about what,False
kuzzoo61,why do i want to be with u what is it cant figure it out,True
cosmic_nothingness,i dunno i cant answer that one for u,False
cosmic_nothingness,brb door,False
cosmic_nothingness,back,False
kuzzoo61,if i come down on my birthday how would we see each other,True
cosmic_nothingness,it would prolly have to be when my aunts not here,False
kuzzoo61,is she there now,True
cosmic_nothingness,yeah why,False
kuzzoo61,just curious,True
kuzzoo61,what time does she work,True
cosmic_nothingness,she doesnt work everyday,False
kuzzoo61,morn afternoon eves,True
cosmic_nothingness,usually evenings but sometimes whole weekends she goes away,False
kuzzoo61,well if we are going to try to see eachother then we will have to come up with something,True
cosmic_nothingness,yeah i can find out when shes going away next if u want,False
kuzzoo61,this will sound stupid,True
cosmic_nothingness,what will,False
kuzzoo61,so the way i feel about u its ok,True
cosmic_nothingness,i dont understand what u mean,False
kuzzoo61,having feelings like i want u for agirl fri,True
cosmic_nothingness,thats cool tho,False
kuzzoo61,u sure,True
cosmic_nothingness,i wouldnt say it if i didnt mean it,False
kuzzoo61,k so u will let me know when she is go,True
cosmic_nothingness,yeah ill find out,False
cosmic_nothingness,shes yelling for me now,False
kuzzoo61,k,True
cosmic_nothingness,dinner is ready omg she cooked for once,False
cosmic_nothingness,will u be on later,False
kuzzoo61,buzz me,True
kuzzoo61,yes,True
cosmic_nothingness,k see you in a bit,False
cosmic_nothingness,im back,False
kuzzoo61,hi,True
cosmic_nothingness,hi,False
kuzzoo61,sorry went a tow call,True
cosmic_nothingness,its ok,False
kuzzoo61,im so excited icont know what to chat about,True
cosmic_nothingness,what are u excited about,False
kuzzoo61,oh just being me i guess,True
cosmic_nothingness,i gots a question,False
kuzzoo61,yes,True
kuzzoo61,hello,True
cosmic_nothingness,how come u never answered the phone the two times i called,False
kuzzoo61,i dont know didnt have phone on me battery,True
kuzzoo61,call now phone in front of me now,True
cosmic_nothingness,ok let me get my card brb call in a sec,False
kuzzoo61,tyr again,True
cosmic_nothingness,you hung up,False
kuzzoo61,it rang but u was not there,True
cosmic_nothingness,k,False
kuzzoo61,now that was kool,True
kuzzoo61,i love your voice it fits your face,True
cosmic_nothingness,u seem really really nice as nice as i thought,False
cosmic_nothingness,brb i havce to help her carry stuff in just a min,False
kuzzoo61,no im a big ugly troll that live under a bridge,True
cosmic_nothingness,im back,False
cosmic_nothingness,and if youre a troll i guess its a good thing im not a billy goat,False
kuzzoo61,ha ha,True
kuzzoo61,la la la la la la la the suspence is killing me,True
cosmic_nothingness,lol about what,False
kuzzoo61,thought u got lostin my computer,True
cosmic_nothingness,no i was just putting away the shampoo and stuff she bought,False
kuzzoo61,do u ever get onto her booze,True
cosmic_nothingness,i havent since i been here but i drank before,False
kuzzoo61,bad shannon bad,True
kuzzoo61,makes u do crazy things,True
cosmic_nothingness,lol,False
kuzzoo61,make u run around naked lol,True
cosmic_nothingness,it didnt make me do that lol,False
kuzzoo61,u must not had enough,True
cosmic_nothingness,it was fun tho i giggled a lot,False
kuzzoo61,the craziest thing i did was jump off a bridge,True
cosmic_nothingness,omg a big one,False
kuzzoo61,100ft high,True
cosmic_nothingness,wow,False
cosmic_nothingness,how did u not get hurt,False
kuzzoo61,was drunk,True
kuzzoo61,was 18,True
cosmic_nothingness,wow u were lucky,False
kuzzoo61,u know i was married at 18,True
cosmic_nothingness,thats cool,False
cosmic_nothingness,u can do anything u want when u get to be 18,False
cosmic_nothingness,i cant wait,False
kuzzoo61,for,True
cosmic_nothingness,to be 18,False
kuzzoo61,oh that would be kool,True
cosmic_nothingness,lol only 3 and a half more years,False
kuzzoo61,could run away and iwouldnt get in trouble,True
cosmic_nothingness,like she would really care if i left anyway,False
kuzzoo61,theres laws about that kind of thing,True
cosmic_nothingness,yeah but i bet she wouldnt even tell shed just be glad im not here,False
kuzzoo61,oh if she knew that 46 yr old man took u she would,True
cosmic_nothingness,prolly not shed prolly say thank you,False
cosmic_nothingness,i dunno but i dont care what she thinks anyway,False
kuzzoo61,law does because of your age no matter what u think,True
kuzzoo61,called kiddnapping,True
cosmic_nothingness,thats stupid,False
kuzzoo61,i know but its because of to many bad men out there that hurt kids,True
kuzzoo61,not that your a kid sorry,True
cosmic_nothingness,lol i was gonna say,False
kuzzoo61,dont hit me i took it back,True
cosmic_nothingness,i would never hit u,False
kuzzoo61,can i spank u if your bad lol,True
cosmic_nothingness,lol im not bad,False
kuzzoo61,oh be bad plz lol,True
kuzzoo61,so your going to let me know when she leaves,True
cosmic_nothingness,yeah ill find out tomorrow shes in a bad mood tonite,False
kuzzoo61,she go for a couple days or what,True
cosmic_nothingness,yeah she has to work parties out of town so she goes away for a few days,False
kuzzoo61,so if she goes and i show up what will we do,True
cosmic_nothingness,i dunno what do u want to do,False
kuzzoo61,party a little u ok with that go to movies dinner etc,True
cosmic_nothingness,thats cool,False
kuzzoo61,go to mall and buy some sexy clothes for u not me of course,True
cosmic_nothingness,cool like what,False
kuzzoo61,i dont know what u think is sexy im a man not a woman,True
cosmic_nothingness,well what do u think is sexy,False
kuzzoo61,have u wore thongs before,True
cosmic_nothingness,no but i want one,False
kuzzoo61,really,True
cosmic_nothingness,yeah they look cool,False
kuzzoo61,sexy bra too,True
cosmic_nothingness,can they be purple,False
kuzzoo61,omg my ture favorite color no shit,True
cosmic_nothingness,really wow mine too,False
kuzzoo61,are u reading my mind u,True
cosmic_nothingness,lol i am not we are just a lot alike i guess,False
kuzzoo61,i guess,True
kuzzoo61,am i freaking u out talking to u like this,True
cosmic_nothingness,no why would i freak,False
kuzzoo61,k,True
kuzzoo61,still seems diff,True
cosmic_nothingness,why,False
kuzzoo61,not used to this thats all,True
cosmic_nothingness,i can let u go if u want,False
kuzzoo61,your my and things like that but im getting over it,True
cosmic_nothingness,yay,False
kuzzoo61,let u go are u crazy,True
cosmic_nothingness,im glad u dont want me to,False
kuzzoo61,your the best thing thats ever happened to me except my kids being born,True
cosmic_nothingness,awww thx,False
kuzzoo61,so back to sexy clothes,True
kuzzoo61,what would u wear for me,True
cosmic_nothingness,well what do u like best,False
kuzzoo61,anything purple thong and revealing bra,True
kuzzoo61,smile,True
cosmic_nothingness,that sounds cool actually,False
cosmic_nothingness,can they be purple silky ones,False
kuzzoo61,your hair is wet because u just got out of the shower,True
kuzzoo61,hell yes,True
cosmic_nothingness,u want to see me with my hair wet,False
kuzzoo61,i dont like see though,True
kuzzoo61,undies,True
cosmic_nothingness,thats cool,False
kuzzoo61,yes just as u get out of shower,True
kuzzoo61,i dont like see through undies,True
cosmic_nothingness,well i dont have any anyway lol,False
kuzzoo61,takes the mystery away from it,True
kuzzoo61,u like so far,True
cosmic_nothingness,yeah,False
cosmic_nothingness,can i brush my hair when i get out of the shower lol,False
cosmic_nothingness,ill prolly look like something awful,False
kuzzoo61,what ever turns u on,True
kuzzoo61,on you will look wild,True
kuzzoo61,are u wild,True
cosmic_nothingness,lol i can be i guess,False
cosmic_nothingness,im not 4 remember,False
kuzzoo61,yes yes i have been reminded,True
cosmic_nothingness,lol,False
kuzzoo61,is this what u really would want to try,True
cosmic_nothingness,if u want to,False
kuzzoo61,i know doing and talking is two diff things,True
cosmic_nothingness,i dont think my old bf ever saw me with my hair wet lol,False
cosmic_nothingness,oh so u are just playing and dont mean what u say its all just talk,False
kuzzoo61,makes u look wild your on the hunt,True
kuzzoo61,ok imsorry,True
cosmic_nothingness,its ok,False
cosmic_nothingness,i should have known u were just messing with me,False
kuzzoo61,ha ha,True
kuzzoo61,i think we are past playing,True
cosmic_nothingness,so u mean u really mean it,False
cosmic_nothingness,i just dont want to think u are being serious and then look stupid,False
kuzzoo61,no no i was being serious,True
cosmic_nothingness,good,False
kuzzoo61,can i ask a stupid question since we are being open like this,True
cosmic_nothingness,sure,False
kuzzoo61,haveu or do u masterbate,True
cosmic_nothingness,yeah i have,False
kuzzoo61,what do u fantisize about,True
cosmic_nothingness,i dont do it often it seems kinda stupid by myself,False
cosmic_nothingness,it was better with my xbf,False
kuzzoo61,understand,True
kuzzoo61,i was hoping u didnt say about a unicorn lol,True
cosmic_nothingness,lol nooooooo,False
cosmic_nothingness,not a pegasus either,False
kuzzoo61,im sorry it poped in my head,True
cosmic_nothingness,lol it made me laugh,False
kuzzoo61,well u sure got me hot,True
cosmic_nothingness,really,False
kuzzoo61,fuck yes,True
cosmic_nothingness,is that good,False
kuzzoo61,im not gay or dead,True
cosmic_nothingness,lol,False
kuzzoo61,what do u think u got me hot for u,True
kuzzoo61,im only human,True
cosmic_nothingness,u really like me like that,False
kuzzoo61,i love everything about u girl not just that silly,True
cosmic_nothingness,i like u a lot too,False
kuzzoo61,thongs showers wet hair purple if im not horny im must be dead,True
cosmic_nothingness,i have bad news,False
cosmic_nothingness,i have to get offline for tonite and get my shower so i can go to school in the morning,False
kuzzoo61,oh god wet hair,True
kuzzoo61,ok call me at 4,True
cosmic_nothingness,if my aunt isnt home i will,False
cosmic_nothingness,if she is ill get online,False
kuzzoo61,what time u get home,True
cosmic_nothingness,usually a little after 3,False
kuzzoo61,her,True
cosmic_nothingness,whenever,False
cosmic_nothingness,it depends if she has a party to work or something to do at work,False
kuzzoo61,well call when u get out of school,True
cosmic_nothingness,i will try talk to u tomorrow,False
kuzzoo61,bye,True
kuzzoo61,will miss u,True
cosmic_nothingness,ill miss u too,False
kuzzoo61,sorry have not been on lately working my ass off hope to see you later paul,True
kuzzoo61,hello baby,True
kuzzoo61,plz call anhi,True
kuzzoo61,plz call me and let me know when your on,True
cosmic_nothingness,u here,False
cosmic_nothingness,sorry i havent been on for a couple of days,False
kuzzoo61,well hi there,True
cosmic_nothingness,hi,False
kuzzoo61,long time no hear,True
cosmic_nothingness,lol its only been a couple days,False
kuzzoo61,no its been two years,True
cosmic_nothingness,nuh uh,False
cosmic_nothingness,wha,False
kuzzoo61,dont confuse me,True
cosmic_nothingness,how am i confusing u,False
kuzzoo61,im sorry got done with big job and been celebrating,True
cosmic_nothingness,cool,False
kuzzoo61,im three sheets to the wind as they say,True
cosmic_nothingness,what does that mean,False
kuzzoo61,drinking,True
cosmic_nothingness,ohhhh well have fun,False
kuzzoo61,party,True
kuzzoo61,but i want to talk to u,True
cosmic_nothingness,im here,False
kuzzoo61,im sorry,True
cosmic_nothingness,what for,False
kuzzoo61,idont know any more,True
cosmic_nothingness,do u get happy or sad when u drink,False
kuzzoo61,happy,True
kuzzoo61,fun,True
kuzzoo61,crazy,True
cosmic_nothingness,lol cool,False
kuzzoo61,didu try and call,True
cosmic_nothingness,no my card ran out and she hasnt got me a new one yet but she said she will,False
cosmic_nothingness,i was talking to emma and it ran out,False
kuzzoo61,is the black widow around,True
cosmic_nothingness,u mean my aunt,False
kuzzoo61,yes lolo,True
cosmic_nothingness,yeah shes in the other room,False
kuzzoo61,oops,True
cosmic_nothingness,no big deal she doesnt come in my room,False
kuzzoo61,hey u got cam,True
cosmic_nothingness,no i barely got this computer,False
kuzzoo61,she better not cum in your room lol,True
kuzzoo61,lol,True
cosmic_nothingness,lol,False
kuzzoo61,im sorry im lonely,True
cosmic_nothingness,why are u sorry,False
kuzzoo61,starting to get nasty,True
cosmic_nothingness,im not a little kid lol,False
kuzzoo61,i know i know,True
cosmic_nothingness,so u dont have to be sorry,False
kuzzoo61,what is aunty doing,True
cosmic_nothingness,lol she must be trying to cook dinner it almost smells burning,False
kuzzoo61,is she past out,True
cosmic_nothingness,nah shes cooking,False
kuzzoo61,she s cooking,True
cosmic_nothingness,yeah scary huh,False
kuzzoo61,what s she on the stove,True
cosmic_nothingness,i dunno what shes cooking,False
kuzzoo61,u said she was cooking thoght she was on stove,True
cosmic_nothingness,ohhhh lol,False
cosmic_nothingness,shes cooking dinner,False
kuzzoo61,ha ha,True
kuzzoo61,oh i understand now,True
kuzzoo61,is it cold there,True
cosmic_nothingness,no its nice not too hot,False
kuzzoo61,im going to buzz u,True
cosmic_nothingness,but i wish there was sun actually,False
cosmic_nothingness,is it cold where u are,False
kuzzoo61,its 60 here,True
cosmic_nothingness,it feels a little warmer than that here but what do i know lol,False
cosmic_nothingness,shes yelling that i have 5 minutes til dinner,False
cosmic_nothingness,i hope its not disgusting,False
kuzzoo61,so are u still game about getting together,True
cosmic_nothingness,yeah that sounds like a lot of fun,False
cosmic_nothingness,did u fall asleep,False
cosmic_nothingness,oh well i gotta go eat dinner ill be back later,False
cosmic_nothingness,ill see if i can find out when were eating when shes going away next,False
cosmic_nothingness,hi,False
kuzzoo61,thought i would buzz u i got one lol,True
cosmic_nothingness,lol,False
kuzzoo61,u want to get nasty,True
cosmic_nothingness,like how,False
kuzzoo61,u start,True
cosmic_nothingness,i dont know what u wanna talk about,False
kuzzoo61,k what do girls like u want,True
cosmic_nothingness,lol i want lots of things,False
kuzzoo61,i know girls want everything,True
kuzzoo61,u,True
cosmic_nothingness,i want a cell phone again and a bf up here and new clothes and to be old enough to drive and not have to live with my aunt,False
cosmic_nothingness,what do u want,False
kuzzoo61,ok if we went shopping for clothes what would u get to wear for me,True
cosmic_nothingness,well if im wearing it for u then i would want it to be something u liked,False
kuzzoo61,what if i sent u money for your own cell phone would that work,True
cosmic_nothingness,then id have to explain to her why i was getting money because she gets the mail,False
cosmic_nothingness,plus since i cant drive shed like have to take me to get it lol,False
cosmic_nothingness,hiding the phone wouldnt be hard just the getting to that point part would,False
kuzzoo61,ill send it in the mail to u in your name does she open your mail,True
cosmic_nothingness,well shed want to know what it is and who its from so that would be really bad,False
cosmic_nothingness,maybe u could bring it,False
kuzzoo61,next week i have to go to indiana,True
cosmic_nothingness,oh i found out when shes going,False
kuzzoo61,i love you,True
cosmic_nothingness,awwww u are so sweet,False
cosmic_nothingness,im so glad i met u,False
kuzzoo61,better watch out,True
cosmic_nothingness,why,False
kuzzoo61,im drunk and horny,True
cosmic_nothingness,lol so,False
kuzzoo61,k hold my hand,True
cosmic_nothingness,i cant u arent here silly,False
kuzzoo61,close your eyes silly,True
kuzzoo61,what,True
cosmic_nothingness,pretending just isnt the same,False
cosmic_nothingness,its not real,False
kuzzoo61,k,True
kuzzoo61,what do u have on,True
cosmic_nothingness,jeans and a t shirt,False
kuzzoo61,im getting nasty again,True
cosmic_nothingness,huh,False
kuzzoo61,duh i want to know what u have on,True
cosmic_nothingness,lol i told u,False
kuzzoo61,i want u to get nasty with me,True
kuzzoo61,what color underwear,True
cosmic_nothingness,for real,False
cosmic_nothingness,lol purple,False
kuzzoo61,how big r your titties,True
cosmic_nothingness,they arent really big,False
cosmic_nothingness,30b,False
kuzzoo61,see im getting nasty,True
cosmic_nothingness,lol so,False
kuzzoo61,i love little titties more than a mouthful is a waste,True
cosmic_nothingness,cool,False
kuzzoo61,how tall r u,True
cosmic_nothingness,somewhere between 52 and 53,False
kuzzoo61,im 5 11 what a pair,True
cosmic_nothingness,wow u are tall,False
kuzzoo61,sorryy,True
cosmic_nothingness,why,False
kuzzoo61,i dont know,True
cosmic_nothingness,u dont have anything to be sorry about,False
kuzzoo61,u still my gf,True
cosmic_nothingness,of course,False
cosmic_nothingness,u still my bf,False
kuzzoo61,fuck yes sorry,True
cosmic_nothingness,lol stop saying u are sorry,False
kuzzoo61,just trying to be respectful,True
cosmic_nothingness,when u always say sorry i think u dont mean u like me,False
kuzzoo61,k no more sorries,True
cosmic_nothingness,good,False
kuzzoo61,lets go shopping,True
cosmic_nothingness,u wanna go when she goes away for the weekend,False
kuzzoo61,i like the purple undies and bra,True
cosmic_nothingness,me too,False
kuzzoo61,short shorts,True
kuzzoo61,tank top,True
cosmic_nothingness,cool,False
kuzzoo61,i like white to,True
cosmic_nothingness,maybe a white tank top,False
kuzzoo61,yes,True
kuzzoo61,no bra so the nipples kind of show though,True
cosmic_nothingness,out where other people can see,False
kuzzoo61,why not be proud of want you have,True
cosmic_nothingness,lol true,False
kuzzoo61,if you got it show it but not all,True
cosmic_nothingness,but if i dont wear a bra then what about the purple silky one i thought we were gonna get,False
kuzzoo61,ack i had to go to the pottie lol,True
cosmic_nothingness,its ok,False
kuzzoo61,yes i want the silky bra,True
cosmic_nothingness,ok,False
kuzzoo61,when i get to see u will u tease me me with your body play hard to et,True
kuzzoo61,get,True
kuzzoo61,oops,True
cosmic_nothingness,do u want me to,False
cosmic_nothingness,i thought u liked me,False
kuzzoo61,why not,True
kuzzoo61,your pretty,True
cosmic_nothingness,thanks,False
kuzzoo61,why,True
cosmic_nothingness,why what,False
kuzzoo61,trick question,True
kuzzoo61,yes i want u and your body,True
cosmic_nothingness,cool,False
kuzzoo61,is that wrong,True
cosmic_nothingness,no why would it be wrong,False
cosmic_nothingness,we really really like each other,False
kuzzoo61,u think your ready,True
cosmic_nothingness,yes,False
cosmic_nothingness,what did u have in mind,False
kuzzoo61,no i dont like u i love u and havnt even met u,True
cosmic_nothingness,but i feel like ive known u forever,False
kuzzoo61,have a mind,True
cosmic_nothingness,what,False
kuzzoo61,oh k,True
kuzzoo61,have in mind,True
cosmic_nothingness,lol thats what i asked u,False
kuzzoo61,too make love to u,True
cosmic_nothingness,that would be way cool,False
kuzzoo61,u think your ready for that,True
cosmic_nothingness,i did it one time before,False
cosmic_nothingness,just once though,False
kuzzoo61,i have a 8and a half penis and wide too,True
cosmic_nothingness,wow,False
kuzzoo61,see idont know if u could handle it,True
cosmic_nothingness,im not a baby,False
kuzzoo61,u know the diff from cuming and orgasm is,True
cosmic_nothingness,i thought that was the same thing,False
kuzzoo61,no,True
kuzzoo61,u masterbate right,True
cosmic_nothingness,i have before,False
kuzzoo61,what happens to your pusy,True
kuzzoo61,oops,True
cosmic_nothingness,lol it feels good,False
kuzzoo61,then,True
cosmic_nothingness,i dont know what u mean,False
kuzzoo61,u cum right,True
cosmic_nothingness,well yeah,False
kuzzoo61,if u keep going u have an orgasm it makes your body shutter,True
cosmic_nothingness,oh i thought it was all the same thing,False
kuzzoo61,the best way to start is to get an orgasm is to have me eat your pussy,True
cosmic_nothingness,u would wanna do that my xbf said guys dont like that,False
kuzzoo61,oh god its the best,True
cosmic_nothingness,cool,False
cosmic_nothingness,u really like me enough to do that with me,False
kuzzoo61,i would do anything u want,True
cosmic_nothingness,cool sounds like fun,False
kuzzoo61,your the boss,True
cosmic_nothingness,i found out when shes going away for the weekend next,False
kuzzoo61,yes,True
cosmic_nothingness,shes going away for 3 days on the 17th,False
kuzzoo61,oct,True
cosmic_nothingness,yeah,False
kuzzoo61,u sure about this,True
kuzzoo61,i am,True
cosmic_nothingness,yeah she has to go to st louis to work,False
kuzzoo61,think u can handle all this,True
cosmic_nothingness,duh of course,False
kuzzoo61,shopping drinking dressing fucking,True
cosmic_nothingness,yeah well have lots of time,False
kuzzoo61,god i want u,True
cosmic_nothingness,i cant wait,False
kuzzoo61,kiss u,True
kuzzoo61,hug u,True
kuzzoo61,smell u,True
kuzzoo61,taste u,True
kuzzoo61,feel u,True
cosmic_nothingness,itll be a lot of fun,False
kuzzoo61,ok i am cuming down on 17th,True
cosmic_nothingness,cool,False
cosmic_nothingness,shell prolly leave before i get home but ill find out before then,False
kuzzoo61,i will treat and eat u the very best,True
cosmic_nothingness,i know u will,False
kuzzoo61,u horny now,True
cosmic_nothingness,im excited about seeing you and doing that stuff lol,False
kuzzoo61,does your pussy get wet,True
cosmic_nothingness,sometimes yeah,False
kuzzoo61,when it does do u stick something in it,True
cosmic_nothingness,no its just not as much fun without a bf,False
kuzzoo61,omg u u know dont u,True
cosmic_nothingness,wha,False
kuzzoo61,not fun doing it yourself,True
cosmic_nothingness,yeah its just not fun by myself,False
kuzzoo61,sure u can do it with mt cock,True
cosmic_nothingness,yeah itll be fun,False
kuzzoo61,talk to me,True
cosmic_nothingness,sorry she was yelling at me,False
kuzzoo61,tell me your feelings about this,True
cosmic_nothingness,i think itll be cool,False
kuzzoo61,u know most girls dont know what an orgasm is they think is like u its when they cum,True
cosmic_nothingness,well will u show me so i know for sure,False
kuzzoo61,do u have alot of hair on your pussy,True
cosmic_nothingness,not a lot and i keep it trimmed,False
kuzzoo61,is your clit big or small,True
cosmic_nothingness,i dunno lol i never compared it,False
kuzzoo61,go to on computer home page,True
cosmic_nothingness,huh,False
kuzzoo61,u have home page,True
cosmic_nothingness,i have my myspace,False
cosmic_nothingness,i dont know what u mean,False
kuzzoo61,go to yahoo,True
cosmic_nothingness,okay what for,False
kuzzoo61,in search put pichunter,True
cosmic_nothingness,whats that,False
kuzzoo61,conpare your clit,True
kuzzoo61,hello,True
cosmic_nothingness,lol i cant exactly look to compare when shes here,False
kuzzoo61,k,True
kuzzoo61,skroll down to young,True
cosmic_nothingness,not when shes here i will do it when shes not,False
kuzzoo61,k,True
kuzzoo61,so what do u think u like kissing eating your pussy,True
cosmic_nothingness,i think it all sounds like fun,False
kuzzoo61,dressing sucking your tittties licking your feet what tell me,True
cosmic_nothingness,i dunno about licking my feet isnt that gross,False
kuzzoo61,work up your legs pussy,True
kuzzoo61,imso hot for u imgoing crazy,True
cosmic_nothingness,we dont have to wait too long,False
kuzzoo61,long is right,True
kuzzoo61,i want to kiss u right now,True
cosmic_nothingness,i wish u could,False
cosmic_nothingness,but its only what about 3 weeks,False
kuzzoo61,u know u are going to have to give me addy,True
cosmic_nothingness,i will when she gets ready to leave k,False
cosmic_nothingness,i wish she would stop yelling at me,False
cosmic_nothingness,she wants me to go do the dishes,False
cosmic_nothingness,i keep ignoring her and she yells,False
kuzzoo61,why is she yrlling,True
cosmic_nothingness,i came back in here instead of doing the dishes right away,False
kuzzoo61,do dishes then c,True
kuzzoo61,cum bac,True
cosmic_nothingness,yeah ill get back on when im done if shes done being a bitch,False
kuzzoo61,hi babe i owe u an apalogy,True
kuzzoo61,where are u,True
cosmic_nothingness,u there,False
cosmic_nothingness,why do u owe me an apology,False
cosmic_nothingness,i guess u got offline,False
cosmic_nothingness,i just got on for a min to say hi and tell you i have a lot of homework tonite so i wouldnt be on cuz i didnt want u to worry,False
kuzzoo61,hello shit i missed u again,True
cosmic_nothingness,u there,False
cosmic_nothingness,u here,False
cosmic_nothingness,u here,False
cosmic_nothingness,i guess u dont want to talk to me anymore,False
kuzzoo61,sorry been out of town will be on sunday at noon be there,True
cosmic_nothingness,ok ill try to be here at noon tomorrow hope everything is ok with u,False
cosmic_nothingness,i waited but u werent online so im going to go do some stuff,False
kuzzoo61,hi finally back,True
kuzzoo61,hi hi hi hi hi,True
kuzzoo61,please im here,True
cosmic_nothingness,hi u here,False
kuzzoo61,well hi,True
cosmic_nothingness,hi,False
kuzzoo61,long time no hear,True
cosmic_nothingness,yeah i guess i kept missing u then i was sick a couple days and slept a lot,False
kuzzoo61,i was out of town again,True
cosmic_nothingness,where did u go,False
kuzzoo61,i have the whole house to my self tonight,True
kuzzoo61,detriot,True
cosmic_nothingness,cool where is everyone,False
kuzzoo61,wife in lansing kids are with uncle,True
cosmic_nothingness,lol u will be bored,False
kuzzoo61,well un bore me,True
cosmic_nothingness,i thought i was,False
cosmic_nothingness,were talking finally lol,False
kuzzoo61,kool,True
kuzzoo61,i didnt mean to talk to u nasty the last time but i was drinking,True
cosmic_nothingness,oh,False
kuzzoo61,why was u sick,True
cosmic_nothingness,i had a bad cold,False
cosmic_nothingness,i shoulda known u were just messin with me and didnt really like me like that,False
kuzzoo61,i do but i could of been a gentle man a bout it,True
cosmic_nothingness,i wasnt mad,False
cosmic_nothingness,so u really did mean it then,False
kuzzoo61,yes i do,True
cosmic_nothingness,yay i was going to get sad lol,False
kuzzoo61,i am having fantasies about u,True
cosmic_nothingness,u still coming on the 17th,False
kuzzoo61,going to try,True
kuzzoo61,u like bowling,True
cosmic_nothingness,i only did it a couple times,False
kuzzoo61,where would u like to go or do,True
cosmic_nothingness,we can hang out here if u want,False
cosmic_nothingness,its up to u,False
kuzzoo61,i would be to scared to be there,True
cosmic_nothingness,why,False
kuzzoo61,a strange car in driveway or aunty coming home to soon,True
cosmic_nothingness,shes going to be in st louis lol,False
kuzzoo61,what about my car,True
cosmic_nothingness,if u can figure out the door opener thingie lol u can prolly put it in the garage since her car wont be in it,False
kuzzoo61,is there a motel near by,True
cosmic_nothingness,theres lots in gr lol,False
cosmic_nothingness,why,False
kuzzoo61,gr,True
cosmic_nothingness,grand rapids,False
kuzzoo61,maybe i can get a room there and just come over and see u,True
cosmic_nothingness,if u want,False
kuzzoo61,would u be able to spend the night at the motel,True
cosmic_nothingness,yeah she wont be home,False
kuzzoo61,kool i would rather do that then be at the house,True
cosmic_nothingness,k,False
kuzzoo61,ill find one with a pool,True
cosmic_nothingness,yay i was hoping u would,False
kuzzoo61,would love to see u in a bikini,True
kuzzoo61,how tall are u,True
cosmic_nothingness,about,False
kuzzoo61,weight,True
cosmic_nothingness,somewhere between 100 and 110 i think,False
kuzzoo61,just prefect,True
cosmic_nothingness,ty,False
cosmic_nothingness,nyquil tastes nasty btw,False
kuzzoo61,u will have to let me know your addy so can pick u up,True
cosmic_nothingness,i will,False
kuzzoo61,arent you scared,True
cosmic_nothingness,why,False
kuzzoo61,you havent ever done this before,True
cosmic_nothingness,done what,False
kuzzoo61,what do u think,True
cosmic_nothingness,i think lots of things but i dont know what u mean lol,False
kuzzoo61,oh ok,True
kuzzoo61,if u dont know what u want to do then ill let u go lol,True
cosmic_nothingness,whatever,False
kuzzoo61,lol,True
cosmic_nothingness,its not like i havent done stuff before but whatever,False
kuzzoo61,k dont get mad,True
cosmic_nothingness,im not mad,False
kuzzoo61,im sorry,True
cosmic_nothingness,its ok,False
kuzzoo61,have to go will be back at 7 k,True
cosmic_nothingness,k,False
kuzzoo61,talk to u then,True
cosmic_nothingness,k,False
kuzzoo61,hi babe,True
cosmic_nothingness,hi,False
kuzzoo61,miss me,True
kuzzoo61,lol,True
cosmic_nothingness,lol yeah u miss me,False
kuzzoo61,all the time,True
cosmic_nothingness,u are sweet,False
kuzzoo61,so how would u want to start the weekend together,True
kuzzoo61,r u busy,True
cosmic_nothingness,im not busy shes just bitching at me,False
kuzzoo61,why,True
cosmic_nothingness,she wants me to take more cold stuff so i can go to school tomorrow,False
kuzzoo61,dont go we can talk tomorrow all day,True
cosmic_nothingness,im trying to not have to go lol,False
kuzzoo61,talk too me keep my attention,True
cosmic_nothingness,what do u want to talk about,False
kuzzoo61,what do u want to do together when i come down,True
cosmic_nothingness,i liked the stuff u talked about the other night,False
cosmic_nothingness,hang on a min i gotta take her nasty cold stuff so she will shut up,False
kuzzoo61,tell me and get me horny tell me your fantasy,True
cosmic_nothingness,back,False
cosmic_nothingness,i dunno i just thought it would be kinda cool to have a guy be all sweet and romantic and stuff,False
kuzzoo61,k where would u like to go for dinner,True
cosmic_nothingness,ihop,False
kuzzoo61,really,True
cosmic_nothingness,omg yes i love that place,False
kuzzoo61,thats not romanitic,True
cosmic_nothingness,lol but its good,False
cosmic_nothingness,i dont know many places up here,False
kuzzoo61,so whats your favorite to eat,True
cosmic_nothingness,steak and eggs lol,False
cosmic_nothingness,with cheese on the hash browns,False
cosmic_nothingness,and toast with jelly,False
kuzzoo61,we will have to save some jelly,True
cosmic_nothingness,for what,False
kuzzoo61,for what she says,True
kuzzoo61,k we went to dinner next where,True
cosmic_nothingness,swimming,False
kuzzoo61,no,True
cosmic_nothingness,k what next then,False
kuzzoo61,shopping,True
cosmic_nothingness,oh yeah,False
kuzzoo61,and get,True
cosmic_nothingness,my purple silky bra and panties,False
kuzzoo61,omg yes,True
kuzzoo61,keep going,True
cosmic_nothingness,i forgot what else were getting,False
kuzzoo61,what would u like that u think would turn a man on,True
cosmic_nothingness,maybe a skirt or some shorts,False
cosmic_nothingness,if u can still buy shorts now that its getting cold,False
kuzzoo61,oh yah,True
kuzzoo61,ill keep u warm,True
cosmic_nothingness,u are going to be mad at me,False
kuzzoo61,what,True
cosmic_nothingness,im getting sleepy,False
cosmic_nothingness,if i can get out of school tomorrow we can talk all day,False
kuzzoo61,ok sweetie,True
cosmic_nothingness,im glad i got to talk to u i missed u lots,False
kuzzoo61,ill be on all night,True
kuzzoo61,same here,True
cosmic_nothingness,k ill prolly wake up in a bit this stuff just makes me sleepy,False
kuzzoo61,i should be here,True
kuzzoo61,i wish i could be there just to hold u and try and make feel better,True
kuzzoo61,sweet heart i want you so bad,True
kuzzoo61,hi me again i want to talk nasty to u but your sleeping,True
kuzzoo61,hi where r u hunny,True
kuzzoo61,hi hun i am ripe for u,True
kuzzoo61,playing hard to get,True
kuzzoo61,hun where r u,True
kuzzoo61,baby where r u miss u hun,True
kuzzoo61,hello baby,True
cosmic_nothingness,hi,False
kuzzoo61,u feeling better,True
cosmic_nothingness,much better,False
cosmic_nothingness,but i got lots of makeup work,False
kuzzoo61,if i sign out real quick dont freak out ok,True
kuzzoo61,missed u,True
cosmic_nothingness,missed u too,False
cosmic_nothingness,why u gonna sign out quick,False
kuzzoo61,if your doing home work i can let u go,True
cosmic_nothingness,its ok i missed u,False
kuzzoo61,wifey,True
cosmic_nothingness,ohhh,False
kuzzoo61,shes on a ranpage lately,True
cosmic_nothingness,im sorry,False
cosmic_nothingness,how come,False
kuzzoo61,things are not good,True
kuzzoo61,brb,True
cosmic_nothingness,k,False
kuzzoo61,still there,True
cosmic_nothingness,yah,False
kuzzoo61,have to sign out plz dont go anywhere,True
cosmic_nothingness,k,False
kuzzoo61,hi,True
cosmic_nothingness,hi,False
kuzzoo61,sorry its like a circus around here,True
cosmic_nothingness,how come,False
kuzzoo61,seems every body is here today in and out,True
cosmic_nothingness,lol keeps u busy i guess,False
kuzzoo61,and all iwant is to talk to u baby,True
cosmic_nothingness,awww i missed u,False
kuzzoo61,so r u busy with home work,True
cosmic_nothingness,im just writing numbers on a map lol,False
kuzzoo61,doesnt sound like home work,True
cosmic_nothingness,how many electoral college votes each state has,False
kuzzoo61,beats me,True
cosmic_nothingness,lol theres a website that tells me i just gotta write them in,False
kuzzoo61,look it up on the net,True
cosmic_nothingness,michigan has a lot,False
kuzzoo61,should i let u go,True
cosmic_nothingness,no,False
cosmic_nothingness,this is boring homework and its really easy lol,False
kuzzoo61,ok dont want to mess with school work,True
cosmic_nothingness,lol youre not,False
kuzzoo61,what are u wearing,True
cosmic_nothingness,jeans and a t,False
kuzzoo61,i sorry just been drinking a little and horny,True
cosmic_nothingness,why u sorry,False
kuzzoo61,sorry i cant be there and touch u,True
cosmic_nothingness,soon tho right,False
kuzzoo61,what,True
cosmic_nothingness,u will soon,False
kuzzoo61,so motel it is then right,True
cosmic_nothingness,u said thats what u want instead of here so yah,False
kuzzoo61,first ihop,True
cosmic_nothingness,and shopping,False
kuzzoo61,then bowling,True
cosmic_nothingness,u wont laugh at me when i suck at it,False
kuzzoo61,no,True
cosmic_nothingness,k,False
kuzzoo61,out to have fun,True
cosmic_nothingness,well have lots of fun,False
kuzzoo61,i keep looking at your pics and cant help but fantasize about you,True
cosmic_nothingness,only 8 more days,False
kuzzoo61,you really want me as much i want u,True
cosmic_nothingness,yah i really like u,False
kuzzoo61,my cock is really hard for you,True
cosmic_nothingness,im really glad u like me that much,False
kuzzoo61,touch your pussy for me,True
cosmic_nothingness,when u get here well do that k,False
cosmic_nothingness,its weird by myself,False
kuzzoo61,sorry,True
cosmic_nothingness,i told u that u dont have to tell me sorry,False
kuzzoo61,just trying to get you hot,True
kuzzoo61,and wet,True
cosmic_nothingness,ill be that way when i finally get to see u,False
kuzzoo61,what color panties u have on,True
cosmic_nothingness,blue,False
kuzzoo61,please drive crazy baby talk dirty to me,True
cosmic_nothingness,what do u want me to say,False
kuzzoo61,what your body wants,True
cosmic_nothingness,it wants u to be here,False
kuzzoo61,to do what to u,True
cosmic_nothingness,well u said u want me to take a shower and come out with my hair wet lol,False
kuzzoo61,yes,True
cosmic_nothingness,brb phone ill try to hurry k,False
kuzzoo61,with your purple thong on and shirt with no bra with your nipples hard,True
cosmic_nothingness,sorry it was my aunt,False
cosmic_nothingness,she said shell be home in an hour and i better have my chores done lol,False
cosmic_nothingness,so i better do them but ill be back when she gets home k i dont want her to take my power cord again,False
kuzzoo61,ok hun i let u go,True
cosmic_nothingness,see u in a bit,False
kuzzoo61,dont want that to happen,True
kuzzoo61,i did again scared u off because i was getting nasty,True
cosmic_nothingness,u did not,False
cosmic_nothingness,omg i just had to do my chores so i wouldnt get in trouble i came back,False
kuzzoo61,hi honey,True
kuzzoo61,sorry i didnt mean to freak,True
cosmic_nothingness,ok,False
cosmic_nothingness,i would never just leave u unless i had to,False
kuzzoo61,so r u done,True
cosmic_nothingness,with my chores yah,False
kuzzoo61,kool,True
kuzzoo61,is aunty around,True
cosmic_nothingness,yeah she got home,False
kuzzoo61,so can we talk nasty,True
cosmic_nothingness,what do u want to talk about,False
kuzzoo61,u and your body,True
cosmic_nothingness,well its not fat lol,False
kuzzoo61,good i like nice tight bodies,True
cosmic_nothingness,im pretty skinny,False
cosmic_nothingness,i dont ever want to be fat,False
cosmic_nothingness,guys are allowed but not girls lol,False
kuzzoo61,oh yes you hot,True
cosmic_nothingness,im glad u think so,False
kuzzoo61,i want to lick your legs,True
cosmic_nothingness,my legs,False
kuzzoo61,yesyour legs then get close too your pussy but dont lick it yet,True
cosmic_nothingness,why not,False
kuzzoo61,to tease you,True
cosmic_nothingness,lol meaniehead,False
kuzzoo61,it makes it wetter,True
cosmic_nothingness,oh,False
kuzzoo61,shit yes,True
cosmic_nothingness,what do u want me to do when were at the hotel,False
kuzzoo61,take shower,True
cosmic_nothingness,right,False
kuzzoo61,come out with hair wet,True
kuzzoo61,in your purple thongs,True
kuzzoo61,with shirt no bra on so i can see nipples,True
cosmic_nothingness,ok i can do that,False
kuzzoo61,want u to sit on my face with your hot pussy,True
cosmic_nothingness,ok that sounds like fun too,False
cosmic_nothingness,no one ever did that to me before my xbf said it was gross,False
kuzzoo61,i want to stick my toung in real deep,True
kuzzoo61,oh the smell of pussy is great,True
cosmic_nothingness,well im clean,False
kuzzoo61,it doesnt matter it allways smells good,True
cosmic_nothingness,oh,False
kuzzoo61,fuck yes,True
cosmic_nothingness,i cant wait,False
kuzzoo61,just thinking of your pussy smell is making my cock hard,True
kuzzoo61,all 8and half of it,True
cosmic_nothingness,only 8 more days,False
kuzzoo61,getting wet,True
cosmic_nothingness,maybe a lil,False
kuzzoo61,suck on your tits,True
cosmic_nothingness,my aunts here,False
kuzzoo61,kiss your neck,True
cosmic_nothingness,and i dont think i can reach anyway lol,False
kuzzoo61,u have to go,True
cosmic_nothingness,soon but not right now,False
kuzzoo61,so u are a little wet,True
cosmic_nothingness,a lil bit,False
kuzzoo61,is your clit hard,True
cosmic_nothingness,i dunno,False
kuzzoo61,oh u know just wont tell me,True
cosmic_nothingness,no i dont know,False
kuzzoo61,your nipples hard,True
cosmic_nothingness,its not like i can look with her here,False
kuzzoo61,dont just touch it plz,True
cosmic_nothingness,not with her here i dont want to get in trouble,False
kuzzoo61,ok,True
kuzzoo61,i will and give u your first orgasm,True
cosmic_nothingness,cool,False
kuzzoo61,i think the best will be when we go shopping for sexy things,True
cosmic_nothingness,a purple silky bra and matching thong right,False
kuzzoo61,yes,True
kuzzoo61,maybe some shorts too,True
cosmic_nothingness,ok,False
kuzzoo61,want to get u some laungerray,True
kuzzoo61,sorry dont know how to spell it,True
cosmic_nothingness,can it be purple too,False
kuzzoo61,what ever u want baby,True
kuzzoo61,do u have any sexy panties,True
cosmic_nothingness,i have blue silky ones,False
kuzzoo61,u wear them for me when i cum down to get u ok,True
cosmic_nothingness,ok,False
kuzzoo61,u know this seems wrong but it feels so right,True
cosmic_nothingness,i dont think its wrong,False
kuzzoo61,wish we could just run away together,True
cosmic_nothingness,me too that would be so cool,False
kuzzoo61,maybe we could,True
cosmic_nothingness,cool really,False
kuzzoo61,do u want to go for it,True
cosmic_nothingness,do u,False
kuzzoo61,yes i want to try,True
cosmic_nothingness,where can we go,False
kuzzoo61,have relatives in indiana that might help,True
cosmic_nothingness,help how,False
kuzzoo61,give us a place to stay for a while,True
kuzzoo61,till we figure things out,True
cosmic_nothingness,cool then maybe we could go to florida,False
kuzzoo61,will have to come up with some money,True
cosmic_nothingness,yeah,False
cosmic_nothingness,ugh brb shes yelling let me see what she wants k,False
cosmic_nothingness,k she said i have bout 5 more mins,False
cosmic_nothingness,when we get money can we go live in destin thats where gramma used to take me and its so pretty,False
kuzzoo61,u there,True
cosmic_nothingness,yeah for a minute,False
kuzzoo61,k,True
kuzzoo61,u know if we do this and i get caught i go to prison,True
cosmic_nothingness,how would u get caught are u gonna tell someone,False
kuzzoo61,no,True
kuzzoo61,they have ways to find thing out,True
cosmic_nothingness,i dont see how anyone woud find out,False
kuzzoo61,check your computer,True
cosmic_nothingness,im sure not gonna tell,False
cosmic_nothingness,no i delete my archives,False
kuzzoo61,that or take it with u,True
kuzzoo61,lets meet first and see where it goes from there,True
cosmic_nothingness,yeah we can take it with us,False
kuzzoo61,sure would love to do that with u,True
cosmic_nothingness,that would be way cool,False
kuzzoo61,ok then we will plan on doing that,True
cosmic_nothingness,its just a laptop so its easy to take,False
kuzzoo61,we may have to camp out,True
cosmic_nothingness,cool i love camping,False
cosmic_nothingness,do u got a sleeping bag for me,False
kuzzoo61,i have it all,True
kuzzoo61,sure u want to do this,True
kuzzoo61,run away,True
cosmic_nothingness,yah i want to be with u,False
cosmic_nothingness,u are nice to me and i like u a lot,False
kuzzoo61,ok sweet heart,True
kuzzoo61,i dont like u i love u,True
cosmic_nothingness,awww i love u too,False
kuzzoo61,is it that bad there,True
cosmic_nothingness,well she doesnt like hit me or anything,False
cosmic_nothingness,she just doesnt really want me,False
kuzzoo61,no one else to go to,True
cosmic_nothingness,no shes my only family left,False
kuzzoo61,ok i will be family,True
cosmic_nothingness,yes,False
cosmic_nothingness,i have to go now before i get in trouble and cant chat k,False
cosmic_nothingness,ill see u tomorrow,False
kuzzoo61,u will be my wife,True
cosmic_nothingness,yay,False
kuzzoo61,ok,True
kuzzoo61,we will do this and make it happen,True
cosmic_nothingness,yes and it will be great,False
kuzzoo61,shannon,True
cosmic_nothingness,yes,False
kuzzoo61,yes,True
cosmic_nothingness,omg yes,False
kuzzoo61,ok then its settled,True
cosmic_nothingness,im so happy,False
cosmic_nothingness,but now i gotta go i will see u tomorrow,False
kuzzoo61,i hope so,True
kuzzoo61,dont want to do anything to hurt you,True
cosmic_nothingness,nite,False
kuzzoo61,bye honey love you wife,True
cosmic_nothingness,love u too,False
kuzzoo61,bye,True
kuzzoo61,looking for you,True
cosmic_nothingness,u there,False
kuzzoo61,seeen you were on but couldnt get through to u or r u mad,True
kuzzoo61,been trying to get on but working,True
kuzzoo61,where r u,True
cosmic_nothingness,im not mad,False
cosmic_nothingness,yim has been acting all weird,False
cosmic_nothingness,i never got ur im when i was on last night but i got ur offlines,False
kuzzoo61,hi,True
cosmic_nothingness,hi,False
kuzzoo61,think every bodies is acting weird,True
kuzzoo61,i was in gr yesterday,True
cosmic_nothingness,yeah sometimes it sucks,False
cosmic_nothingness,really why were u in gr,False
kuzzoo61,i went to wisconson,True
cosmic_nothingness,how come,False
kuzzoo61,to take my son to army base he missed the plane,True
cosmic_nothingness,oh did he get in trouble for missing it,False
kuzzoo61,not yet,True
cosmic_nothingness,i hope he doesnt,False
cosmic_nothingness,where is he going to go,False
kuzzoo61,bagdad,True
cosmic_nothingness,oh no i hope he stays safe,False
kuzzoo61,so what r u doing,True
cosmic_nothingness,taking a break from reading romeo and juliet,False
kuzzoo61,how sweet,True
cosmic_nothingness,i dont want to read it lol,False
kuzzoo61,its sad,True
cosmic_nothingness,yeah,False
kuzzoo61,its not what u think,True
cosmic_nothingness,well i know how it ends and its stupid,False
cosmic_nothingness,they die the end,False
kuzzoo61,no,True
kuzzoo61,its about to lovers who cant be together,True
cosmic_nothingness,they could if they wanted to bad enough,False
kuzzoo61,so they think its better that way then to be apart,True
kuzzoo61,you cant change the book lol,True
cosmic_nothingness,i wish i could,False
kuzzoo61,can i ask,True
cosmic_nothingness,ask what,False
kuzzoo61,when is anutie leaving,True
cosmic_nothingness,friday,False
kuzzoo61,what time,True
cosmic_nothingness,shell be gone by the time i get home,False
kuzzoo61,is she driving,True
cosmic_nothingness,no shes flying,False
kuzzoo61,so where do we go from here,True
cosmic_nothingness,what do u mean,False
kuzzoo61,what time do u want me there,True
cosmic_nothingness,i get home about 3,False
kuzzoo61,what about the cops,True
cosmic_nothingness,so u wanna come then,False
cosmic_nothingness,what cops,False
kuzzoo61,lol,True
kuzzoo61,yes i do,True
cosmic_nothingness,what ru talking about cops,False
kuzzoo61,just kidding,True
cosmic_nothingness,u better be,False
kuzzoo61,the ones that will bust me for being with you,True
kuzzoo61,lol,True
cosmic_nothingness,what ur gonna tell,False
kuzzoo61,what do you think silly,True
cosmic_nothingness,lol ok just dont scare me like that,False
kuzzoo61,ill be the one in trouble not you,True
cosmic_nothingness,well im sure not gonna tell,False
kuzzoo61,you know im going to need your addy,True
cosmic_nothingness,yeah ill give it to u closer to then cuz i dont want either of us to get in trouble k,False
kuzzoo61,you can send it to my email,True
cosmic_nothingness,whats ur email,False
kuzzoo61,no one gets into there,True
kuzzoo61,com,True
cosmic_nothingness,k,False
kuzzoo61,u have email addy,True
cosmic_nothingness,ill send it or ill call u closer to fri i just wana make sure shes gone u know,False
kuzzoo61,that way i could write there if i cant get u here,True
cosmic_nothingness,ya i use gmail edited,False
kuzzoo61,thats cute,True
kuzzoo61,your a cheer leader too,True
cosmic_nothingness,i was on the dance team at my old school,False
kuzzoo61,let me see if i go through,True
kuzzoo61,it wont go,True
cosmic_nothingness,how come,False
kuzzoo61,says its not an addy,True
kuzzoo61,oh well,True
cosmic_nothingness,edited,False
kuzzoo61,i know thats what i put in for addy and it wont send sorry,True
cosmic_nothingness,stupid yahoo,False
kuzzoo61,see if u can send one to me,True
cosmic_nothingness,i sent one,False
kuzzoo61,it went through,True
kuzzoo61,dont understand sometimes,True
cosmic_nothingness,i think its cuz yahoo sucks,False
kuzzoo61,yah,True
cosmic_nothingness,hang on a sec,False
kuzzoo61,all i could think of was u when i went through gr,True
cosmic_nothingness,back,False
cosmic_nothingness,well we will get to see each other in just a few days,False
kuzzoo61,i dont know,True
cosmic_nothingness,what,False
kuzzoo61,do you have taxi servise,True
cosmic_nothingness,i dunno,False
kuzzoo61,whats your favorite hang out,True
cosmic_nothingness,i dont have one here yet,False
cosmic_nothingness,cuz i dont have anyone to hang out with lol,False
kuzzoo61,what your a loner,True
cosmic_nothingness,i just havent made any friends yet,False
kuzzoo61,u have to have some friends,True
cosmic_nothingness,its kinda hard,False
kuzzoo61,ill figure it out,True
cosmic_nothingness,figure what out,False
kuzzoo61,i really dont want to go to your house for you meet u somewhere,True
cosmic_nothingness,well i dont really wanna walk so whatever,False
kuzzoo61,i know,True
cosmic_nothingness,i thought u were just gonna pick me up and then wed go,False
kuzzoo61,ok that couldnt hurt,True
cosmic_nothingness,good,False
kuzzoo61,do you understand where im coming from,True
cosmic_nothingness,not really cuz its just going to be me here,False
cosmic_nothingness,thats why im being careful,False
kuzzoo61,i guess the closer it gets the crazier it seems,True
cosmic_nothingness,u think im crazy,False
kuzzoo61,nno not u,True
kuzzoo61,me and u together,True
cosmic_nothingness,why is that crazy i thought u liked me,False
kuzzoo61,i love u,True
kuzzoo61,i guess it just my nerves,True
cosmic_nothingness,well dont be nervous its not like im scary lol,False
kuzzoo61,remember i want u as my wife,True
cosmic_nothingness,i know and im excited,False
kuzzoo61,dont get too excited or u will get me going again like u always do,True
cosmic_nothingness,lol k,False
kuzzoo61,the reason i wanted ur addy is to see what is close around you for places and things to do,True
cosmic_nothingness,well the celebration theater isnt too far from me and its an imax,False
cosmic_nothingness,and ihop is pretty close too,False
kuzzoo61,kool did know had ihop in gr,True
cosmic_nothingness,yeah i love it,False
cosmic_nothingness,lol now i want steak and eggs,False
kuzzoo61,thats right your a breakfast girl,True
kuzzoo61,oh well u just have to wait,True
cosmic_nothingness,i know,False
cosmic_nothingness,and u know what else i dont want to read anymore romeo and juliet but its got to be finished by tomorrow,False
kuzzoo61,bad girl,True
cosmic_nothingness,i guess i better go read for a bit so im not bad lol,False
cosmic_nothingness,ill need a break and get back online in a bit im sure,False
kuzzoo61,so your leaving,True
cosmic_nothingness,i gotta read but ill be back,False
kuzzoo61,k,True
kuzzoo61,hi arent you going to talk to me,True
cosmic_nothingness,hi i didnt see u online,False
kuzzoo61,sorry,True
cosmic_nothingness,its ok i just dont want u to think im ignoring u,False
kuzzoo61,so are romeo and julliett dead yet,True
cosmic_nothingness,yeah,False
cosmic_nothingness,i finished all my homework,False
kuzzoo61,good girl,True
cosmic_nothingness,now im a tired girl,False
kuzzoo61,ill wake you up,True
cosmic_nothingness,i think im going to end up taking my shower early tonight and going to bed soon,False
cosmic_nothingness,too much homework makes me tired i guess,False
kuzzoo61,k,True
kuzzoo61,want me to let you go,True
cosmic_nothingness,not yet lol,False
kuzzoo61,whatever you want to do,True
cosmic_nothingness,u seem sad,False
kuzzoo61,just alot on mind i guess,True
cosmic_nothingness,like what,False
kuzzoo61,work kids this week end,True
cosmic_nothingness,what happened this weekend that made u sad,False
kuzzoo61,dont know,True
kuzzoo61,just,True
cosmic_nothingness,huh,False
kuzzoo61,you know,True
kuzzoo61,everything,True
cosmic_nothingness,i dont know what ur talking about or i wouldnt ask,False
kuzzoo61,cant explain it,True
kuzzoo61,just a mood i guess,True
cosmic_nothingness,i hope u feel happier soon,False
kuzzoo61,it will pass,True
cosmic_nothingness,u will be happier next weekend when we get to be together,False
kuzzoo61,your sure talkativ,True
cosmic_nothingness,sorry im just tired,False
kuzzoo61,k,True
kuzzoo61,i understand,True
cosmic_nothingness,i dont want u to be mad at me,False
kuzzoo61,no,True
cosmic_nothingness,i guess ill go take my shower and go to bed,False
cosmic_nothingness,then ill get lots of sleep and we can chat tomorrow,False
cosmic_nothingness,i wont be tired and u will be happier,False
kuzzoo61,ok hun,True
cosmic_nothingness,nite,False
kuzzoo61,sweet dreams,True
cosmic_nothingness,u too,False
kuzzoo61,bye,True
cosmic_nothingness,u here,False
kuzzoo61,yes,True
cosmic_nothingness,hi,False
kuzzoo61,hello,True
cosmic_nothingness,how ru,False
kuzzoo61,good,True
cosmic_nothingness,sorry i guess im bugging u,False
kuzzoo61,no,True
kuzzoo61,just helping with home work,True
cosmic_nothingness,oh ok,False
kuzzoo61,so what are u up to,True
cosmic_nothingness,not much,False
kuzzoo61,finish book,True
cosmic_nothingness,yeah,False
kuzzoo61,so are u excited still,True
cosmic_nothingness,i am u,False
kuzzoo61,shit yes,True
cosmic_nothingness,cool,False
kuzzoo61,cant wait to see your face at ihop,True
cosmic_nothingness,what do u mean,False
kuzzoo61,the smile when you have your steak and eggs,True
cosmic_nothingness,lol yah ill be happy but ill be happy whenever im with u,False
kuzzoo61,oh the steak and eggs will be better lol,True
cosmic_nothingness,lol i doubt that,False
kuzzoo61,u home alone,True
cosmic_nothingness,not yet,False
cosmic_nothingness,shes gonna go to the store after while tho,False
kuzzoo61,your funny,True
cosmic_nothingness,wha,False
kuzzoo61,oh ok thought you meant about this week end,True
cosmic_nothingness,oh i thought u were asking if im home alone now,False
kuzzoo61,yes,True
kuzzoo61,i was,True
kuzzoo61,but u answered diff,True
cosmic_nothingness,well i meant im not home alone right now but she said shes going to the store tonight sometime,False
cosmic_nothingness,she better cuz im out of yogurt,False
kuzzoo61,k,True
kuzzoo61,hey didnt know you liked kick boxing,True
cosmic_nothingness,i used to cuz of my old bf,False
kuzzoo61,me too long time ago,True
cosmic_nothingness,i used to watch him sometimes,False
kuzzoo61,kool,True
cosmic_nothingness,did u get the email i sent u from my gmail,False
kuzzoo61,so do do any of that stuff,True
kuzzoo61,yes,True
cosmic_nothingness,did u try to reply to it,False
kuzzoo61,yes it wont go though,True
cosmic_nothingness,u need a gmail lol,False
kuzzoo61,i see,True
cosmic_nothingness,cuz sometimes i can email from school,False
kuzzoo61,kool,True
cosmic_nothingness,u can go to www gmail com and get one its free,False
kuzzoo61,i will try,True
cosmic_nothingness,then sometimes we can talk when im at school,False
kuzzoo61,hold on boy needs help,True
cosmic_nothingness,k,False
kuzzoo61,i hate fractions,True
cosmic_nothingness,me too,False
kuzzoo61,seems like they change every year,True
cosmic_nothingness,theyre hard,False
cosmic_nothingness,hang on let me see what she wants,False
kuzzoo61,k,True
cosmic_nothingness,i have good news and i have bad news,False
cosmic_nothingness,which u want first,False
kuzzoo61,give it all,True
cosmic_nothingness,i have to go to the store with her now but ill be back,False
cosmic_nothingness,and the good news is she said if i go then shell get me a new calling card,False
kuzzoo61,k,True
cosmic_nothingness,back in a bit,False
kuzzoo61,see ya,True
kuzzoo61,sorry baby had to go and pick up son from scoccer practice will be back on tommorrow im so sorry,True
kuzzoo61,im back untill 8 50 pm,True
cosmic_nothingness,i guess i missed u we just got home,False
cosmic_nothingness,ill talk to u tomorrow i guess i should finish my homework anyway,False
cosmic_nothingness,u here,False
kuzzoo61,sorry i missed you,True
kuzzoo61,will need addy soon,True
kuzzoo61,hi just letting you know that i am working alot so that why i have not been on ok baby,True
kuzzoo61,cant wait to be with you but you need to send addy if you are serious k hun,True
kuzzoo61,if you have changed your mind it would be understandable but i hope you dont,True
cosmic_nothingness,u there,False
cosmic_nothingness,i didnt change my mind,False
cosmic_nothingness,i can only be on for a min my battery is gonna die and the bitch took my power cord again,False
cosmic_nothingness,she said i can have it back tomorrow so ill be on then,False
cosmic_nothingness,ill give u the address when i see her packing her stupid suitcase,False
cosmic_nothingness,if ur not on ill call u k,False
cosmic_nothingness,im sorry i couldnt be on tonight shes like on a rampage,False
cosmic_nothingness,but i cant wait to see you,False
kuzzoo61,ih baby heres my nubber if you lost it ok hope your ready for some fun and i dont mean sex going out bbowling ihop shopping it going to be fun hope to talk later bye lov ya,True
kuzzoo61,honey i might have an idea about running away,True
cosmic_nothingness,hi,False
cosmic_nothingness,whats ur idea,False
cosmic_nothingness,i finally got my power cord back lol,False
cosmic_nothingness,oh i guess i missed u ill be on for a bit tonight so maybe ull be back,False
kuzzoo61,hi baby,True
cosmic_nothingness,hi,False
kuzzoo61,you have friends in kentusky that would help us,True
kuzzoo61,oops,True
cosmic_nothingness,emma might be able to give us they key to the cabin in the gorge,False
kuzzoo61,just cant let them know we are married,True
cosmic_nothingness,right,False
kuzzoo61,if they do who am i,True
cosmic_nothingness,huh,False
kuzzoo61,god i missed you bay,True
cosmic_nothingness,i missed u too,False
kuzzoo61,what would u tell them,True
cosmic_nothingness,i cant wait to see u tomorrow i been helping her pack since i got home,False
cosmic_nothingness,i would tell them ur my aunts bf and were on vacation that might work,False
kuzzoo61,cant be on vacation for ever,True
cosmic_nothingness,lol a long vacation not like they would check or anything,False
cosmic_nothingness,no one uses the cabin in the winter,False
kuzzoo61,would have to figure out from there i guess,True
kuzzoo61,so your going to call me how no calling card,True
cosmic_nothingness,she got me a new one when i went to the store the other night,False
cosmic_nothingness,but i gotta wait til shes not in the house,False
kuzzoo61,ok,True
kuzzoo61,dont call tonight the b is going to home soon,True
cosmic_nothingness,u want me to call emma real quick and see if she can meet us with the key,False
kuzzoo61,like half hour so cant talk long,True
kuzzoo61,sure,True
cosmic_nothingness,k brb,False
cosmic_nothingness,on phone with emma when u want me to tell her to meet us,False
kuzzoo61,in gr,True
cosmic_nothingness,shes in ky lok,False
cosmic_nothingness,lol,False
cosmic_nothingness,we have to meet her in lex,False
kuzzoo61,i guess we will call when on way,True
kuzzoo61,i dont know how to time this ok,True
cosmic_nothingness,k shell keep her phone with her this weeken she said,False
kuzzoo61,u think this will work for us,True
cosmic_nothingness,i know it will and its so pretty there,False
kuzzoo61,i know been through there before,True
kuzzoo61,so when is lush leaving,True
cosmic_nothingness,im ditching my last class tomorrow lol i already got a ride home,False
cosmic_nothingness,shell be gone before i get home at 2,False
cosmic_nothingness,what time u be here,False
kuzzoo61,hopefully at around 3 or 4,True
cosmic_nothingness,u want my addy,False
kuzzoo61,but u got to give me addy,True
kuzzoo61,ok i got it,True
cosmic_nothingness,what kinda car we gonna be in,False
kuzzoo61,be in red and white pick up,True
cosmic_nothingness,cool thatll be good down in the gorge,False
kuzzoo61,are u ready baby,True
cosmic_nothingness,yes,False
cosmic_nothingness,im so excited,False
kuzzoo61,still want to be my wife,True
kuzzoo61,still love me too,True
cosmic_nothingness,of course,False
cosmic_nothingness,i love u lots,False
kuzzoo61,hope i dont dis appoint you,True
cosmic_nothingness,u wont i hope i dont disappiont u,False
kuzzoo61,i will send flowers too u first before i show up ok,True
cosmic_nothingness,why dont u just bring them,False
cosmic_nothingness,that would be so romantic,False
kuzzoo61,just want to make sure it kool,True
cosmic_nothingness,i will call u when i get home,False
kuzzoo61,u know the nieghbors,True
cosmic_nothingness,no,False
cosmic_nothingness,we ddont know people here cuz just moved and stuff,False
kuzzoo61,k,True
kuzzoo61,i f i cut out its because she is home k,True
cosmic_nothingness,wont u be driving by the time i get home,False
kuzzoo61,hope so,True
kuzzoo61,call my cell,True
cosmic_nothingness,i will,False
cosmic_nothingness,i hope u dont not come,False
kuzzoo61,u got number right,True
cosmic_nothingness,ya,False
kuzzoo61,u hope i dont come,True
cosmic_nothingness,no,False
cosmic_nothingness,i hoipe u dont decide not to come,False
kuzzoo61,should be there,True
cosmic_nothingness,i hope so im so excited,False
kuzzoo61,we will do things first,True
kuzzoo61,ihop,True
kuzzoo61,bowling,True
kuzzoo61,shopping ok,True
cosmic_nothingness,k,False
kuzzoo61,i dont want to have sex,True
kuzzoo61,just want to get u to kentucky baby,True
cosmic_nothingness,wha,False
cosmic_nothingness,u dont like me like that anymore,False
kuzzoo61,yes,True
kuzzoo61,but i want to get other things taken care of first,True
cosmic_nothingness,well when we gonna,False
kuzzoo61,it will find its time,True
kuzzoo61,yes i still want u,True
cosmic_nothingness,it doesnt sound like it,False
kuzzoo61,we have too get out of town,True
cosmic_nothingness,so when we get to ky,False
kuzzoo61,dont think that way,True
kuzzoo61,yes,True
cosmic_nothingness,im just asking if we will then,False
cosmic_nothingness,oh good,False
kuzzoo61,i want to get u home baby,True
cosmic_nothingness,yah me too and well have fun there,False
kuzzoo61,ok,True
kuzzoo61,i hope this is going to work,True
cosmic_nothingness,i know it will we will be happy forever,False
kuzzoo61,how come you have not been on my space,True
cosmic_nothingness,cuz ive not been talking to emma and them much cuz theyre really busy with the dance team this year,False
cosmic_nothingness,its football time and they practice and perform a lot,False
kuzzoo61,oh,True
kuzzoo61,still want to go shopping for your purple outfit,True
cosmic_nothingness,cool i cant wait,False
kuzzoo61,so what are you going to wear tommorrow for me,True
cosmic_nothingness,how about my skirt and a sweater,False
kuzzoo61,what color panties,True
cosmic_nothingness,i got really pretty blue ones,False
kuzzoo61,ok,True
kuzzoo61,the sweater will be needed cause of cold,True
cosmic_nothingness,yeah but it will prolly be warmer when we get to ky,False
kuzzoo61,yah,True
kuzzoo61,you know if we get caught i go to jail,True
cosmic_nothingness,we wont get caught promise,False
kuzzoo61,we will have to hide real well,True
cosmic_nothingness,we will u will like the cabin,False
kuzzoo61,what about your schooling,True
cosmic_nothingness,we can decide that later,False
cosmic_nothingness,im sure they got schools there if i gotta go,False
kuzzoo61,yah but aunty will come and get you,True
cosmic_nothingness,not if she dont know where i am and she would prolly be happy im gone anyway,False
kuzzoo61,we will see,True
cosmic_nothingness,i wont ever get u in trouble,False
kuzzoo61,promise,True
cosmic_nothingness,promise,False
kuzzoo61,i have to go now,True
kuzzoo61,she is home,True
cosmic_nothingness,k if i dont see u later i will see u tomorrow,False
kuzzoo61,call me tommorrow,True
cosmic_nothingness,k u better be driving lol,False
cosmic_nothingness,im way too excited,False
kuzzoo61,i will,True
cosmic_nothingness,k nite i love you,False
kuzzoo61,i love you,True
kuzzoo61,nite,True
cosmic_nothingness,u arent answering ur phone,False
kuzzoo61,call me in morning sorry couldnt answer becuse of her,True
kuzzoo61,i will be there around 2pm promise call me pleease couldnt answer the phone because of her sorry s he is at work now,True
